county,year,naics,emp,est,n1_4,n5_9,n10_19,n20_49,n50_99,n100_249,n250_499,n500_999,n1000,n1000_1,n1000_2,n1000_3,n1000_4
Multnomah,2005,113110,0,5,2,1,0,2,0,0,0,0,0,0,0,0,0
Multnomah,2005,113310,0,3,2,0,0,1,0,0,0,0,0,0,0,0,0
Multnomah,2005,114111,0,1,0,1,0,0,0,0,0,0,0,0,0,0,0
Multnomah,2005,114112,0,1,1,0,0,0,0,0,0,0,0,0,0,0,0
Multnomah,2005,115114,0,1,0,0,0,0,0,0,1,0,0,0,0,0,0
Multnomah,2005,115210,0,4,3,1,0,0,0,0,0,0,0,0,0,0,0
Multnomah,2005,115310,0,5,2,0,1,1,1,0,0,0,0,0,0,0,0
Multnomah,2005,212319,0,1,1,0,0,0,0,0,0,0,0,0,0,0,0
Multnomah,2005,212321,0,4,1,1,1,1,0,0,0,0,0,0,0,0,0
Multnomah,2005,212322,0,1,1,0,0,0,0,0,0,0,0,0,0,0,0
Multnomah,2005,213112,0,1,1,0,0,0,0,0,0,0,0,0,0,0,0
Multnomah,2005,213115,0,1,0,1,0,0,0,0,0,0,0,0,0,0,0
Multnomah,2005,221112,0,2,1,0,0,1,0,0,0,0,0,0,0,0,0
Multnomah,2005,221119,0,2,0,0,0,1,0,0,1,0,0,0,0,0,0
Multnomah,2005,221122,0,41,10,5,2,7,6,8,2,1,0,0,0,0,0
Multnomah,2005,221210,0,2,1,0,0,0,0,0,0,1,0,0,0,0,0
Multnomah,2005,221320,0,1,0,0,1,0,0,0,0,0,0,0,0,0,0
Multnomah,2005,236115,461,140,109,19,10,2,0,0,0,0,0,0,0,0,0
Multnomah,2005,236116,435,11,4,3,1,1,0,1,1,0,0,0,0,0,0
Multnomah,2005,236117,815,92,72,13,3,1,1,1,1,0,0,0,0,0,0
Multnomah,2005,236118,1726,367,281,45,29,8,3,1,0,0,0,0,0,0,0
Multnomah,2005,236210,74,8,4,1,1,2,0,0,0,0,0,0,0,0,0
Multnomah,2005,236220,2594,118,54,21,12,15,9,7,0,0,0,0,0,0,0
Multnomah,2005,237110,526,26,10,7,4,2,1,2,0,0,0,0,0,0,0
Multnomah,2005,237120,0,1,0,1,0,0,0,0,0,0,0,0,0,0,0
Multnomah,2005,237130,92,11,6,2,1,2,0,0,0,0,0,0,0,0,0
Multnomah,2005,237210,138,42,32,6,4,0,0,0,0,0,0,0,0,0,0
Multnomah,2005,237310,213,16,5,3,5,2,1,0,0,0,0,0,0,0,0
Multnomah,2005,237990,484,17,6,4,1,1,5,0,0,0,0,0,0,0,0
Multnomah,2005,238110,1015,41,26,6,4,3,1,0,0,1,0,0,0,0,0
Multnomah,2005,238120,169,6,3,0,1,0,2,0,0,0,0,0,0,0,0
Multnomah,2005,238130,555,47,33,8,3,1,1,0,1,0,0,0,0,0,0
Multnomah,2005,238140,335,38,23,5,7,1,2,0,0,0,0,0,0,0,0
Multnomah,2005,238150,136,14,7,4,1,1,1,0,0,0,0,0,0,0,0
Multnomah,2005,238160,620,48,16,16,6,8,2,0,0,0,0,0,0,0,0
Multnomah,2005,238170,223,29,17,4,5,2,1,0,0,0,0,0,0,0,0
Multnomah,2005,238190,21,5,2,3,0,0,0,0,0,0,0,0,0,0,0
Multnomah,2005,238210,3076,147,83,23,18,13,4,3,1,2,0,0,0,0,0
Multnomah,2005,238220,3775,198,113,33,20,16,8,6,1,1,0,0,0,0,0
Multnomah,2005,238290,422,23,12,3,2,2,3,1,0,0,0,0,0,0,0
Multnomah,2005,238310,170,29,20,4,2,3,0,0,0,0,0,0,0,0,0
Multnomah,2005,238320,979,152,95,31,13,10,3,0,0,0,0,0,0,0,0
Multnomah,2005,238330,609,90,58,13,13,4,2,0,0,0,0,0,0,0,0
Multnomah,2005,238340,235,54,43,4,4,3,0,0,0,0,0,0,0,0,0
Multnomah,2005,238350,507,102,77,13,8,1,3,0,0,0,0,0,0,0,0
Multnomah,2005,238390,225,22,9,4,7,1,1,0,0,0,0,0,0,0,0
Multnomah,2005,238910,466,49,27,12,4,3,3,0,0,0,0,0,0,0,0
Multnomah,2005,238990,575,47,24,11,5,5,1,1,0,0,0,0,0,0,0
Multnomah,2005,311111,0,1,1,0,0,0,0,0,0,0,0,0,0,0,0
Multnomah,2005,311119,0,2,0,1,0,0,1,0,0,0,0,0,0,0,0
Multnomah,2005,311211,0,1,0,0,0,1,0,0,0,0,0,0,0,0,0
Multnomah,2005,311330,0,4,2,0,0,1,0,1,0,0,0,0,0,0,0
Multnomah,2005,311340,0,1,1,0,0,0,0,0,0,0,0,0,0,0,0
Multnomah,2005,311411,0,2,1,0,0,0,1,0,0,0,0,0,0,0,0
Multnomah,2005,311412,0,2,0,0,1,0,0,1,0,0,0,0,0,0,0
Multnomah,2005,311421,0,4,1,0,0,1,0,2,0,0,0,0,0,0,0
Multnomah,2005,311422,0,1,1,0,0,0,0,0,0,0,0,0,0,0,0
Multnomah,2005,311511,529,4,0,0,0,0,0,4,0,0,0,0,0,0,0
Multnomah,2005,311514,0,1,0,0,0,1,0,0,0,0,0,0,0,0,0
Multnomah,2005,311520,0,2,1,0,0,0,1,0,0,0,0,0,0,0,0
Multnomah,2005,311611,0,2,1,0,0,1,0,0,0,0,0,0,0,0,0
Multnomah,2005,311612,88,4,0,1,1,2,0,0,0,0,0,0,0,0,0
Multnomah,2005,311712,0,2,1,0,1,0,0,0,0,0,0,0,0,0,0
Multnomah,2005,311811,345,29,9,6,7,7,0,0,0,0,0,0,0,0,0
Multnomah,2005,311812,1217,21,5,2,2,8,1,2,0,1,0,0,0,0,0
Multnomah,2005,311813,0,1,0,0,0,0,1,0,0,0,0,0,0,0,0
Multnomah,2005,311821,0,4,2,0,1,0,0,0,1,0,0,0,0,0,0
Multnomah,2005,311822,0,2,0,0,0,2,0,0,0,0,0,0,0,0,0
Multnomah,2005,311823,0,1,0,0,1,0,0,0,0,0,0,0,0,0,0
Multnomah,2005,311920,0,5,1,1,0,2,0,0,1,0,0,0,0,0,0
Multnomah,2005,311930,0,2,1,0,0,1,0,0,0,0,0,0,0,0,0
Multnomah,2005,311941,0,2,0,0,0,1,1,0,0,0,0,0,0,0,0
Multnomah,2005,311942,0,1,0,1,0,0,0,0,0,0,0,0,0,0,0
Multnomah,2005,311991,0,8,3,2,2,0,0,0,1,0,0,0,0,0,0
Multnomah,2005,311999,0,4,3,0,0,1,0,0,0,0,0,0,0,0,0
Multnomah,2005,312111,241,3,0,0,1,0,1,1,0,0,0,0,0,0,0
Multnomah,2005,312112,0,1,1,0,0,0,0,0,0,0,0,0,0,0,0
Multnomah,2005,312120,307,6,2,1,0,1,0,2,0,0,0,0,0,0,0
Multnomah,2005,312130,43,9,6,2,1,0,0,0,0,0,0,0,0,0,0
Multnomah,2005,312140,0,1,1,0,0,0,0,0,0,0,0,0,0,0,0
Multnomah,2005,313222,0,1,1,0,0,0,0,0,0,0,0,0,0,0,0
Multnomah,2005,313311,0,2,0,1,1,0,0,0,0,0,0,0,0,0,0
Multnomah,2005,314121,30,6,3,3,0,0,0,0,0,0,0,0,0,0,0
Multnomah,2005,314129,0,1,0,0,0,0,0,1,0,0,0,0,0,0,0
Multnomah,2005,314912,44,6,2,3,1,0,0,0,0,0,0,0,0,0,0
Multnomah,2005,314999,61,6,3,0,1,2,0,0,0,0,0,0,0,0,0
Multnomah,2005,315191,0,1,0,0,0,1,0,0,0,0,0,0,0,0,0
Multnomah,2005,315192,0,1,1,0,0,0,0,0,0,0,0,0,0,0,0
Multnomah,2005,315212,82,8,5,1,1,1,0,0,0,0,0,0,0,0,0
Multnomah,2005,315233,0,1,1,0,0,0,0,0,0,0,0,0,0,0,0
Multnomah,2005,315234,0,1,1,0,0,0,0,0,0,0,0,0,0,0,0
Multnomah,2005,315239,0,3,1,0,0,1,0,1,0,0,0,0,0,0,0
Multnomah,2005,315299,0,3,2,0,0,1,0,0,0,0,0,0,0,0,0
Multnomah,2005,315999,0,2,2,0,0,0,0,0,0,0,0,0,0,0,0
Multnomah,2005,316211,0,1,0,1,0,0,0,0,0,0,0,0,0,0,0
Multnomah,2005,316213,0,2,1,1,0,0,0,0,0,0,0,0,0,0,0
Multnomah,2005,316214,0,1,0,0,0,0,0,1,0,0,0,0,0,0,0
Multnomah,2005,316991,0,2,0,2,0,0,0,0,0,0,0,0,0,0,0
Multnomah,2005,316992,0,1,0,0,1,0,0,0,0,0,0,0,0,0,0
Multnomah,2005,321113,133,4,1,1,0,0,2,0,0,0,0,0,0,0,0
Multnomah,2005,321114,0,1,0,1,0,0,0,0,0,0,0,0,0,0,0
Multnomah,2005,321211,0,1,1,0,0,0,0,0,0,0,0,0,0,0,0
Multnomah,2005,321212,0,1,0,0,1,0,0,0,0,0,0,0,0,0,0
Multnomah,2005,321213,0,1,0,0,1,0,0,0,0,0,0,0,0,0,0
Multnomah,2005,321214,0,1,1,0,0,0,0,0,0,0,0,0,0,0,0
Multnomah,2005,321911,0,2,0,0,1,1,0,0,0,0,0,0,0,0,0
Multnomah,2005,321912,101,5,2,0,1,1,1,0,0,0,0,0,0,0,0
Multnomah,2005,321918,100,9,3,1,5,0,0,0,0,0,0,0,0,0,0
Multnomah,2005,321920,67,4,1,1,0,2,0,0,0,0,0,0,0,0,0
Multnomah,2005,321992,0,2,0,1,0,1,0,0,0,0,0,0,0,0,0
Multnomah,2005,321999,0,3,2,0,0,0,1,0,0,0,0,0,0,0,0
Multnomah,2005,322110,0,1,1,0,0,0,0,0,0,0,0,0,0,0,0
Multnomah,2005,322211,0,4,0,0,1,0,1,1,1,0,0,0,0,0,0
Multnomah,2005,322212,0,1,0,0,1,0,0,0,0,0,0,0,0,0,0
Multnomah,2005,322214,0,1,0,0,0,1,0,0,0,0,0,0,0,0,0
Multnomah,2005,322221,0,1,0,0,0,0,0,1,0,0,0,0,0,0,0
Multnomah,2005,322222,0,2,0,0,0,1,1,0,0,0,0,0,0,0,0
Multnomah,2005,322225,0,1,1,0,0,0,0,0,0,0,0,0,0,0,0
Multnomah,2005,322231,0,1,0,1,0,0,0,0,0,0,0,0,0,0,0
Multnomah,2005,322232,0,1,0,0,1,0,0,0,0,0,0,0,0,0,0
Multnomah,2005,322233,0,2,0,0,0,0,2,0,0,0,0,0,0,0,0
Multnomah,2005,322299,0,1,1,0,0,0,0,0,0,0,0,0,0,0,0
Multnomah,2005,323110,1573,66,24,17,11,5,4,5,0,0,0,0,0,0,0
Multnomah,2005,323111,0,1,0,1,0,0,0,0,0,0,0,0,0,0,0
Multnomah,2005,323112,76,3,0,0,1,2,0,0,0,0,0,0,0,0,0
Multnomah,2005,323113,264,16,7,5,2,0,1,1,0,0,0,0,0,0,0
Multnomah,2005,323114,215,31,18,7,3,3,0,0,0,0,0,0,0,0,0
Multnomah,2005,323115,0,6,2,2,1,0,0,1,0,0,0,0,0,0,0
Multnomah,2005,323116,313,8,1,1,1,3,1,1,0,0,0,0,0,0,0
Multnomah,2005,323117,0,1,1,0,0,0,0,0,0,0,0,0,0,0,0
Multnomah,2005,323118,0,1,0,0,0,1,0,0,0,0,0,0,0,0,0
Multnomah,2005,323119,33,6,3,2,1,0,0,0,0,0,0,0,0,0,0
Multnomah,2005,323121,235,16,3,2,7,4,0,0,0,0,0,0,0,0,0
Multnomah,2005,323122,85,8,1,3,2,2,0,0,0,0,0,0,0,0,0
Multnomah,2005,324121,50,3,1,0,1,1,0,0,0,0,0,0,0,0,0
Multnomah,2005,324122,294,5,0,0,2,0,2,1,0,0,0,0,0,0,0
Multnomah,2005,324191,33,3,1,1,0,1,0,0,0,0,0,0,0,0,0
Multnomah,2005,325120,0,1,0,0,0,0,1,0,0,0,0,0,0,0,0
Multnomah,2005,325188,0,1,0,0,1,0,0,0,0,0,0,0,0,0,0
Multnomah,2005,325192,0,1,1,0,0,0,0,0,0,0,0,0,0,0,0
Multnomah,2005,325199,0,3,1,0,0,2,0,0,0,0,0,0,0,0,0
Multnomah,2005,325211,0,2,1,0,1,0,0,0,0,0,0,0,0,0,0
Multnomah,2005,325212,0,1,0,0,0,1,0,0,0,0,0,0,0,0,0
Multnomah,2005,325314,0,1,0,1,0,0,0,0,0,0,0,0,0,0,0
Multnomah,2005,325411,0,1,0,1,0,0,0,0,0,0,0,0,0,0,0
Multnomah,2005,325412,0,1,1,0,0,0,0,0,0,0,0,0,0,0,0
Multnomah,2005,325413,0,2,0,1,0,1,0,0,0,0,0,0,0,0,0
Multnomah,2005,325414,125,3,0,0,0,2,1,0,0,0,0,0,0,0,0
Multnomah,2005,325510,146,8,2,2,2,0,2,0,0,0,0,0,0,0,0
Multnomah,2005,325520,0,1,0,1,0,0,0,0,0,0,0,0,0,0,0
Multnomah,2005,325611,146,8,3,3,1,0,0,1,0,0,0,0,0,0,0
Multnomah,2005,325612,0,2,1,0,1,0,0,0,0,0,0,0,0,0,0
Multnomah,2005,325620,0,2,0,0,2,0,0,0,0,0,0,0,0,0,0
Multnomah,2005,325910,107,9,2,1,4,2,0,0,0,0,0,0,0,0,0
Multnomah,2005,325991,52,3,0,1,1,1,0,0,0,0,0,0,0,0,0
Multnomah,2005,325998,0,5,3,0,1,1,0,0,0,0,0,0,0,0,0
Multnomah,2005,326122,0,1,1,0,0,0,0,0,0,0,0,0,0,0,0
Multnomah,2005,326130,0,1,1,0,0,0,0,0,0,0,0,0,0,0,0
Multnomah,2005,326150,0,3,0,0,1,0,2,0,0,0,0,0,0,0,0
Multnomah,2005,326199,538,14,4,3,1,3,2,0,1,0,0,0,0,0,0
Multnomah,2005,326212,152,5,1,0,1,2,1,0,0,0,0,0,0,0,0
Multnomah,2005,326291,90,3,1,0,0,1,1,0,0,0,0,0,0,0,0
Multnomah,2005,326299,0,2,0,1,0,0,1,0,0,0,0,0,0,0,0
Multnomah,2005,327112,0,1,1,0,0,0,0,0,0,0,0,0,0,0,0
Multnomah,2005,327113,0,1,1,0,0,0,0,0,0,0,0,0,0,0,0
Multnomah,2005,327121,0,2,1,0,0,1,0,0,0,0,0,0,0,0,0
Multnomah,2005,327122,0,1,0,0,0,0,0,1,0,0,0,0,0,0,0
Multnomah,2005,327211,0,3,0,1,0,0,1,1,0,0,0,0,0,0,0
Multnomah,2005,327212,0,1,1,0,0,0,0,0,0,0,0,0,0,0,0
Multnomah,2005,327213,0,1,0,0,0,0,0,1,0,0,0,0,0,0,0
Multnomah,2005,327215,124,17,9,3,3,2,0,0,0,0,0,0,0,0,0
Multnomah,2005,327310,0,2,0,0,1,1,0,0,0,0,0,0,0,0,0
Multnomah,2005,327320,0,8,0,0,3,3,1,1,0,0,0,0,0,0,0
Multnomah,2005,327331,0,4,2,0,1,1,0,0,0,0,0,0,0,0,0
Multnomah,2005,327332,0,1,0,0,0,1,0,0,0,0,0,0,0,0,0
Multnomah,2005,327390,95,6,2,2,1,0,1,0,0,0,0,0,0,0,0
Multnomah,2005,327910,0,1,0,0,0,1,0,0,0,0,0,0,0,0,0
Multnomah,2005,327991,56,5,1,3,0,1,0,0,0,0,0,0,0,0,0
Multnomah,2005,327999,0,1,0,0,0,0,0,1,0,0,0,0,0,0,0
Multnomah,2005,331111,0,3,0,2,0,0,0,0,0,1,0,0,0,0,0
Multnomah,2005,331210,0,2,0,0,0,1,1,0,0,0,0,0,0,0,0
Multnomah,2005,331312,0,1,0,0,0,1,0,0,0,0,0,0,0,0,0
Multnomah,2005,331316,0,2,0,0,0,0,0,1,1,0,0,0,0,0,0
Multnomah,2005,331492,0,1,0,0,1,0,0,0,0,0,0,0,0,0,0
Multnomah,2005,331511,0,2,1,0,0,0,0,1,0,0,0,0,0,0,0
Multnomah,2005,331513,0,2,0,0,0,0,0,0,1,1,0,0,0,0,0
Multnomah,2005,331522,0,2,0,1,0,0,0,0,0,0,1,0,1,0,0
Multnomah,2005,331524,0,4,2,1,1,0,0,0,0,0,0,0,0,0,0
Multnomah,2005,331525,0,1,0,0,1,0,0,0,0,0,0,0,0,0,0
Multnomah,2005,332111,0,2,0,0,0,2,0,0,0,0,0,0,0,0,0
Multnomah,2005,332114,0,2,0,0,1,0,0,1,0,0,0,0,0,0,0
Multnomah,2005,332116,0,3,1,0,0,2,0,0,0,0,0,0,0,0,0
Multnomah,2005,332212,0,1,0,0,0,0,0,0,1,0,0,0,0,0,0
Multnomah,2005,332213,0,2,0,1,1,0,0,0,0,0,0,0,0,0,0
Multnomah,2005,332312,547,17,4,3,4,3,1,2,0,0,0,0,0,0,0
Multnomah,2005,332313,0,1,0,0,0,0,1,0,0,0,0,0,0,0,0
Multnomah,2005,332321,0,1,0,0,0,0,0,1,0,0,0,0,0,0,0
Multnomah,2005,332322,188,10,2,3,2,2,1,0,0,0,0,0,0,0,0
Multnomah,2005,332323,242,21,15,5,0,0,0,1,0,0,0,0,0,0,0
Multnomah,2005,332410,0,1,0,0,1,0,0,0,0,0,0,0,0,0,0
Multnomah,2005,332420,0,3,1,0,0,1,1,0,0,0,0,0,0,0,0
Multnomah,2005,332431,0,1,0,0,0,1,0,0,0,0,0,0,0,0,0
Multnomah,2005,332439,0,4,0,1,1,2,0,0,0,0,0,0,0,0,0
Multnomah,2005,332510,175,4,0,1,1,0,2,0,0,0,0,0,0,0,0
Multnomah,2005,332611,0,1,0,0,1,0,0,0,0,0,0,0,0,0,0
Multnomah,2005,332612,0,1,0,0,0,0,1,0,0,0,0,0,0,0,0
Multnomah,2005,332618,0,2,0,1,0,0,1,0,0,0,0,0,0,0,0
Multnomah,2005,332710,709,61,24,10,14,13,0,0,0,0,0,0,0,0,0
Multnomah,2005,332721,191,8,1,4,0,2,1,0,0,0,0,0,0,0,0
Multnomah,2005,332722,0,2,1,0,0,0,1,0,0,0,0,0,0,0,0
Multnomah,2005,332811,86,5,1,1,2,1,0,0,0,0,0,0,0,0,0
Multnomah,2005,332812,307,11,2,2,2,3,2,0,0,0,0,0,0,0,0
Multnomah,2005,332813,289,12,2,1,2,5,2,0,0,0,0,0,0,0,0
Multnomah,2005,332919,0,2,0,0,1,0,1,0,0,0,0,0,0,0,0
Multnomah,2005,332995,0,1,0,0,1,0,0,0,0,0,0,0,0,0,0
Multnomah,2005,332996,249,4,0,0,1,2,0,1,0,0,0,0,0,0,0
Multnomah,2005,332997,51,5,2,0,3,0,0,0,0,0,0,0,0,0,0
Multnomah,2005,332999,75,12,6,3,2,1,0,0,0,0,0,0,0,0,0
Multnomah,2005,333111,0,2,2,0,0,0,0,0,0,0,0,0,0,0,0
Multnomah,2005,333120,0,2,1,0,0,0,1,0,0,0,0,0,0,0,0
Multnomah,2005,333131,0,1,0,0,0,1,0,0,0,0,0,0,0,0,0
Multnomah,2005,333210,228,8,0,2,2,3,1,0,0,0,0,0,0,0,0
Multnomah,2005,333220,0,3,2,1,0,0,0,0,0,0,0,0,0,0,0
Multnomah,2005,333291,0,2,0,0,2,0,0,0,0,0,0,0,0,0,0
Multnomah,2005,333292,0,1,0,0,1,0,0,0,0,0,0,0,0,0,0
Multnomah,2005,333294,0,1,1,0,0,0,0,0,0,0,0,0,0,0,0
Multnomah,2005,333298,0,2,0,2,0,0,0,0,0,0,0,0,0,0,0
Multnomah,2005,333314,0,2,0,0,1,1,0,0,0,0,0,0,0,0,0
Multnomah,2005,333319,0,1,0,1,0,0,0,0,0,0,0,0,0,0,0
Multnomah,2005,333411,0,2,1,0,0,0,0,1,0,0,0,0,0,0,0
Multnomah,2005,333414,0,1,0,1,0,0,0,0,0,0,0,0,0,0,0
Multnomah,2005,333415,168,3,0,1,0,1,0,1,0,0,0,0,0,0,0
Multnomah,2005,333511,0,3,1,1,0,1,0,0,0,0,0,0,0,0,0
Multnomah,2005,333512,0,1,0,0,1,0,0,0,0,0,0,0,0,0,0
Multnomah,2005,333514,0,6,5,1,0,0,0,0,0,0,0,0,0,0,0
Multnomah,2005,333515,41,3,1,0,1,1,0,0,0,0,0,0,0,0,0
Multnomah,2005,333518,0,1,0,0,0,1,0,0,0,0,0,0,0,0,0
Multnomah,2005,333612,0,1,1,0,0,0,0,0,0,0,0,0,0,0,0
Multnomah,2005,333618,82,4,0,0,2,2,0,0,0,0,0,0,0,0,0
Multnomah,2005,333911,0,1,0,0,0,0,0,1,0,0,0,0,0,0,0
Multnomah,2005,333922,34,3,1,0,1,1,0,0,0,0,0,0,0,0,0
Multnomah,2005,333924,0,2,0,0,1,0,0,0,1,0,0,0,0,0,0
Multnomah,2005,333995,0,1,0,0,0,1,0,0,0,0,0,0,0,0,0
Multnomah,2005,333999,49,6,2,2,2,0,0,0,0,0,0,0,0,0,0
Multnomah,2005,334119,0,1,1,0,0,0,0,0,0,0,0,0,0,0,0
Multnomah,2005,334220,0,1,0,1,0,0,0,0,0,0,0,0,0,0,0
Multnomah,2005,334290,0,2,2,0,0,0,0,0,0,0,0,0,0,0,0
Multnomah,2005,334310,0,2,1,1,0,0,0,0,0,0,0,0,0,0,0
Multnomah,2005,334413,0,6,1,1,0,1,0,0,1,2,0,0,0,0,0
Multnomah,2005,334417,0,1,0,0,1,0,0,0,0,0,0,0,0,0,0
Multnomah,2005,334418,0,2,1,1,0,0,0,0,0,0,0,0,0,0,0
Multnomah,2005,334419,0,2,2,0,0,0,0,0,0,0,0,0,0,0,0
Multnomah,2005,334510,0,2,1,0,0,1,0,0,0,0,0,0,0,0,0
Multnomah,2005,334512,59,3,0,0,1,2,0,0,0,0,0,0,0,0,0
Multnomah,2005,334514,0,2,1,0,0,0,0,1,0,0,0,0,0,0,0
Multnomah,2005,334515,0,3,0,0,3,0,0,0,0,0,0,0,0,0,0
Multnomah,2005,334518,0,1,1,0,0,0,0,0,0,0,0,0,0,0,0
Multnomah,2005,334519,0,1,1,0,0,0,0,0,0,0,0,0,0,0,0
Multnomah,2005,334611,0,1,1,0,0,0,0,0,0,0,0,0,0,0,0
Multnomah,2005,334612,24,6,3,3,0,0,0,0,0,0,0,0,0,0,0
Multnomah,2005,335121,0,4,2,0,0,1,0,1,0,0,0,0,0,0,0
Multnomah,2005,335129,0,1,1,0,0,0,0,0,0,0,0,0,0,0,0
Multnomah,2005,335312,0,1,0,1,0,0,0,0,0,0,0,0,0,0,0
Multnomah,2005,335313,0,1,0,0,0,0,1,0,0,0,0,0,0,0,0
Multnomah,2005,335314,0,2,1,0,0,1,0,0,0,0,0,0,0,0,0
Multnomah,2005,336120,0,2,0,0,1,0,0,0,0,0,1,0,1,0,0
Multnomah,2005,336211,0,2,0,1,1,0,0,0,0,0,0,0,0,0,0
Multnomah,2005,336212,0,2,0,0,0,0,0,1,1,0,0,0,0,0,0
Multnomah,2005,336214,0,1,1,0,0,0,0,0,0,0,0,0,0,0,0
Multnomah,2005,336311,0,1,1,0,0,0,0,0,0,0,0,0,0,0,0
Multnomah,2005,336312,0,4,1,2,1,0,0,0,0,0,0,0,0,0,0
Multnomah,2005,336322,0,1,1,0,0,0,0,0,0,0,0,0,0,0,0
Multnomah,2005,336330,0,1,0,1,0,0,0,0,0,0,0,0,0,0,0
Multnomah,2005,336340,0,1,1,0,0,0,0,0,0,0,0,0,0,0,0
Multnomah,2005,336350,0,2,0,1,0,0,1,0,0,0,0,0,0,0,0
Multnomah,2005,336370,0,2,1,1,0,0,0,0,0,0,0,0,0,0,0
Multnomah,2005,336399,171,4,0,1,0,2,1,0,0,0,0,0,0,0,0
Multnomah,2005,336411,0,1,0,0,1,0,0,0,0,0,0,0,0,0,0
Multnomah,2005,336413,0,3,0,0,0,1,0,1,0,0,1,1,0,0,0
Multnomah,2005,336510,0,1,0,0,0,0,0,0,0,1,0,0,0,0,0
Multnomah,2005,336611,253,8,1,2,1,2,2,0,0,0,0,0,0,0,0
Multnomah,2005,336612,0,4,2,1,0,1,0,0,0,0,0,0,0,0,0
Multnomah,2005,336991,0,4,2,0,0,0,1,0,1,0,0,0,0,0,0
Multnomah,2005,336999,353,6,2,2,0,0,0,2,0,0,0,0,0,0,0
Multnomah,2005,337110,348,33,15,8,6,2,2,0,0,0,0,0,0,0,0
Multnomah,2005,337121,159,9,2,1,5,0,1,0,0,0,0,0,0,0,0
Multnomah,2005,337122,90,12,7,1,3,1,0,0,0,0,0,0,0,0,0
Multnomah,2005,337124,0,1,0,0,1,0,0,0,0,0,0,0,0,0,0
Multnomah,2005,337125,0,1,1,0,0,0,0,0,0,0,0,0,0,0,0
Multnomah,2005,337127,0,6,4,0,1,0,1,0,0,0,0,0,0,0,0
Multnomah,2005,337211,0,1,1,0,0,0,0,0,0,0,0,0,0,0,0
Multnomah,2005,337212,440,11,1,0,3,5,1,1,0,0,0,0,0,0,0
Multnomah,2005,337214,0,1,0,0,0,1,0,0,0,0,0,0,0,0,0
Multnomah,2005,337215,142,12,4,3,2,3,0,0,0,0,0,0,0,0,0
Multnomah,2005,337910,0,2,1,0,0,0,0,1,0,0,0,0,0,0,0
Multnomah,2005,337920,0,1,0,0,0,0,0,1,0,0,0,0,0,0,0
Multnomah,2005,339111,0,1,1,0,0,0,0,0,0,0,0,0,0,0,0
Multnomah,2005,339112,0,2,2,0,0,0,0,0,0,0,0,0,0,0,0
Multnomah,2005,339113,156,7,2,0,3,1,1,0,0,0,0,0,0,0,0
Multnomah,2005,339114,7,4,4,0,0,0,0,0,0,0,0,0,0,0,0
Multnomah,2005,339115,93,5,1,2,1,0,1,0,0,0,0,0,0,0,0
Multnomah,2005,339116,321,29,18,6,1,1,3,0,0,0,0,0,0,0,0
Multnomah,2005,339911,33,13,11,2,0,0,0,0,0,0,0,0,0,0,0
Multnomah,2005,339914,0,1,1,0,0,0,0,0,0,0,0,0,0,0,0
Multnomah,2005,339920,44,7,4,0,3,0,0,0,0,0,0,0,0,0,0
Multnomah,2005,339932,11,3,2,1,0,0,0,0,0,0,0,0,0,0,0
Multnomah,2005,339941,0,1,0,1,0,0,0,0,0,0,0,0,0,0,0
Multnomah,2005,339942,0,1,0,0,1,0,0,0,0,0,0,0,0,0,0
Multnomah,2005,339943,23,3,1,1,1,0,0,0,0,0,0,0,0,0,0
Multnomah,2005,339944,0,1,0,0,1,0,0,0,0,0,0,0,0,0,0
Multnomah,2005,339950,265,32,19,4,6,3,0,0,0,0,0,0,0,0,0
Multnomah,2005,339991,55,4,0,2,1,1,0,0,0,0,0,0,0,0,0
Multnomah,2005,339992,0,6,4,1,1,0,0,0,0,0,0,0,0,0,0
Multnomah,2005,339993,0,1,0,1,0,0,0,0,0,0,0,0,0,0,0
Multnomah,2005,339994,0,2,0,0,0,1,0,0,1,0,0,0,0,0,0
Multnomah,2005,339999,276,14,5,2,3,2,2,0,0,0,0,0,0,0,0
Multnomah,2005,423110,1077,36,16,3,6,4,3,4,0,0,0,0,0,0,0
Multnomah,2005,423120,1748,75,10,16,25,14,7,3,0,0,0,0,0,0,0
Multnomah,2005,423130,124,8,1,2,2,3,0,0,0,0,0,0,0,0,0
Multnomah,2005,423140,0,2,2,0,0,0,0,0,0,0,0,0,0,0,0
Multnomah,2005,423210,191,16,8,3,4,0,0,1,0,0,0,0,0,0,0
Multnomah,2005,423220,408,32,12,9,5,5,1,0,0,0,0,0,0,0,0
Multnomah,2005,423310,743,57,23,13,10,9,2,0,0,0,0,0,0,0,0
Multnomah,2005,423320,308,20,5,7,3,4,1,0,0,0,0,0,0,0,0
Multnomah,2005,423330,206,14,7,1,2,3,1,0,0,0,0,0,0,0,0
Multnomah,2005,423390,137,10,4,1,2,2,1,0,0,0,0,0,0,0,0
Multnomah,2005,423410,0,2,0,0,1,1,0,0,0,0,0,0,0,0,0
Multnomah,2005,423420,262,16,9,3,0,2,1,1,0,0,0,0,0,0,0
Multnomah,2005,423430,185,20,13,3,1,3,0,0,0,0,0,0,0,0,0
Multnomah,2005,423440,281,22,10,6,2,3,1,0,0,0,0,0,0,0,0
Multnomah,2005,423450,201,16,6,5,3,1,1,0,0,0,0,0,0,0,0
Multnomah,2005,423460,0,1,0,0,0,0,0,1,0,0,0,0,0,0,0
Multnomah,2005,423490,73,4,1,1,0,2,0,0,0,0,0,0,0,0,0
Multnomah,2005,423510,1134,51,9,9,11,17,5,0,0,0,0,0,0,0,0
Multnomah,2005,423520,0,1,1,0,0,0,0,0,0,0,0,0,0,0,0
Multnomah,2005,423610,747,44,14,8,11,6,5,0,0,0,0,0,0,0,0
Multnomah,2005,423620,184,8,2,3,0,0,3,0,0,0,0,0,0,0,0
Multnomah,2005,423690,291,28,11,5,9,2,1,0,0,0,0,0,0,0,0
Multnomah,2005,423710,264,25,8,7,5,5,0,0,0,0,0,0,0,0,0
Multnomah,2005,423720,311,18,3,3,8,3,1,0,0,0,0,0,0,0,0
Multnomah,2005,423730,305,16,7,4,2,1,1,1,0,0,0,0,0,0,0
Multnomah,2005,423740,66,5,2,1,1,1,0,0,0,0,0,0,0,0,0
Multnomah,2005,423810,842,27,5,5,6,7,3,0,1,0,0,0,0,0,0
Multnomah,2005,423820,96,10,5,2,0,3,0,0,0,0,0,0,0,0,0
Multnomah,2005,423830,1380,88,29,21,18,15,4,1,0,0,0,0,0,0,0
Multnomah,2005,423840,766,56,16,14,17,5,4,0,0,0,0,0,0,0,0
Multnomah,2005,423850,150,18,4,8,5,1,0,0,0,0,0,0,0,0,0
Multnomah,2005,423860,56,12,6,5,1,0,0,0,0,0,0,0,0,0,0
Multnomah,2005,423910,236,13,6,3,1,2,0,1,0,0,0,0,0,0,0
Multnomah,2005,423920,48,13,9,3,1,0,0,0,0,0,0,0,0,0,0
Multnomah,2005,423930,747,30,13,5,4,5,1,2,0,0,0,0,0,0,0
Multnomah,2005,423940,0,14,12,1,1,0,0,0,0,0,0,0,0,0,0
Multnomah,2005,423990,303,26,18,1,3,2,1,1,0,0,0,0,0,0,0
Multnomah,2005,424110,151,7,2,2,0,2,1,0,0,0,0,0,0,0,0
Multnomah,2005,424120,460,15,4,4,1,3,1,2,0,0,0,0,0,0,0
Multnomah,2005,424130,361,27,11,5,5,4,2,0,0,0,0,0,0,0,0
Multnomah,2005,424210,195,22,12,5,3,1,1,0,0,0,0,0,0,0,0
Multnomah,2005,424310,162,13,4,5,2,1,1,0,0,0,0,0,0,0,0
Multnomah,2005,424320,67,9,6,1,1,1,0,0,0,0,0,0,0,0,0
Multnomah,2005,424330,150,14,6,3,3,1,1,0,0,0,0,0,0,0,0
Multnomah,2005,424340,609,7,2,0,1,0,2,1,1,0,0,0,0,0,0
Multnomah,2005,424410,77,11,7,1,1,2,0,0,0,0,0,0,0,0,0
Multnomah,2005,424420,372,14,4,3,3,0,3,1,0,0,0,0,0,0,0
Multnomah,2005,424430,0,4,3,0,0,0,0,1,0,0,0,0,0,0,0
Multnomah,2005,424450,0,6,4,1,0,0,0,1,0,0,0,0,0,0,0
Multnomah,2005,424460,0,3,1,1,0,0,1,0,0,0,0,0,0,0,0
Multnomah,2005,424470,279,8,2,2,1,0,2,1,0,0,0,0,0,0,0
Multnomah,2005,424480,1342,25,5,4,3,6,3,2,2,0,0,0,0,0,0
Multnomah,2005,424490,772,57,25,9,11,9,2,1,0,0,0,0,0,0,0
Multnomah,2005,424510,90,12,4,6,1,1,0,0,0,0,0,0,0,0,0
Multnomah,2005,424520,0,2,2,0,0,0,0,0,0,0,0,0,0,0,0
Multnomah,2005,424590,0,3,3,0,0,0,0,0,0,0,0,0,0,0,0
Multnomah,2005,424610,146,9,4,1,1,2,1,0,0,0,0,0,0,0,0
Multnomah,2005,424690,449,35,16,7,6,4,2,0,0,0,0,0,0,0,0
Multnomah,2005,424710,281,7,1,0,0,4,1,1,0,0,0,0,0,0,0
Multnomah,2005,424720,293,8,3,1,2,0,0,2,0,0,0,0,0,0,0
Multnomah,2005,424810,1344,7,1,1,1,0,1,1,1,1,0,0,0,0,0
Multnomah,2005,424820,668,18,4,2,8,2,1,0,1,0,0,0,0,0,0
Multnomah,2005,424910,117,13,4,5,2,2,0,0,0,0,0,0,0,0,0
Multnomah,2005,424920,90,15,10,3,1,1,0,0,0,0,0,0,0,0,0
Multnomah,2005,424930,199,17,5,3,6,3,0,0,0,0,0,0,0,0,0
Multnomah,2005,424940,0,2,0,0,1,0,1,0,0,0,0,0,0,0,0
Multnomah,2005,424950,72,9,3,3,3,0,0,0,0,0,0,0,0,0,0
Multnomah,2005,424990,386,27,15,2,3,5,1,1,0,0,0,0,0,0,0
Multnomah,2005,425110,0,2,0,2,0,0,0,0,0,0,0,0,0,0,0
Multnomah,2005,425120,1017,191,150,20,14,5,0,2,0,0,0,0,0,0,0
Multnomah,2005,441110,2509,48,8,2,5,11,14,8,0,0,0,0,0,0,0
Multnomah,2005,441120,365,71,45,18,4,3,1,0,0,0,0,0,0,0,0
Multnomah,2005,441210,235,10,5,0,1,2,2,0,0,0,0,0,0,0,0
Multnomah,2005,441221,91,17,12,3,0,2,0,0,0,0,0,0,0,0,0
Multnomah,2005,441222,169,28,15,6,6,1,0,0,0,0,0,0,0,0,0
Multnomah,2005,441229,43,7,3,3,1,0,0,0,0,0,0,0,0,0,0
Multnomah,2005,441310,1052,100,31,40,20,6,2,1,0,0,0,0,0,0,0
Multnomah,2005,441320,482,48,18,9,13,8,0,0,0,0,0,0,0,0,0
Multnomah,2005,442110,685,96,59,15,13,8,1,0,0,0,0,0,0,0,0
Multnomah,2005,442210,378,44,22,7,10,4,1,0,0,0,0,0,0,0,0
Multnomah,2005,442291,30,6,2,3,1,0,0,0,0,0,0,0,0,0,0
Multnomah,2005,442299,856,86,45,14,17,7,2,1,0,0,0,0,0,0,0
Multnomah,2005,443111,0,23,11,5,3,3,0,1,0,0,0,0,0,0,0
Multnomah,2005,443112,1024,72,37,22,6,1,2,4,0,0,0,0,0,0,0
Multnomah,2005,443120,0,20,4,11,0,3,2,0,0,0,0,0,0,0,0
Multnomah,2005,443130,84,11,3,4,4,0,0,0,0,0,0,0,0,0,0
Multnomah,2005,444110,0,7,0,0,1,0,0,6,0,0,0,0,0,0,0
Multnomah,2005,444120,0,24,8,10,3,2,0,0,1,0,0,0,0,0,0
Multnomah,2005,444130,418,24,3,7,6,6,2,0,0,0,0,0,0,0,0
Multnomah,2005,444190,995,70,22,15,17,13,2,1,0,0,0,0,0,0,0
Multnomah,2005,444210,39,5,2,2,0,1,0,0,0,0,0,0,0,0,0
Multnomah,2005,444220,287,29,12,8,5,3,1,0,0,0,0,0,0,0,0
Multnomah,2005,445110,5479,122,32,12,15,21,21,20,1,0,0,0,0,0,0
Multnomah,2005,445120,860,178,83,76,18,1,0,0,0,0,0,0,0,0,0
Multnomah,2005,445210,137,15,3,7,4,1,0,0,0,0,0,0,0,0,0
Multnomah,2005,445220,0,3,1,2,0,0,0,0,0,0,0,0,0,0,0
Multnomah,2005,445230,75,14,7,4,3,0,0,0,0,0,0,0,0,0,0
Multnomah,2005,445291,0,7,3,0,1,3,0,0,0,0,0,0,0,0,0
Multnomah,2005,445292,73,13,5,7,1,0,0,0,0,0,0,0,0,0,0
Multnomah,2005,445299,221,30,12,7,10,1,0,0,0,0,0,0,0,0,0
Multnomah,2005,445310,233,49,27,15,7,0,0,0,0,0,0,0,0,0,0
Multnomah,2005,446110,1004,53,9,9,13,20,1,1,0,0,0,0,0,0,0
Multnomah,2005,446120,236,39,15,16,7,1,0,0,0,0,0,0,0,0,0
Multnomah,2005,446130,160,33,19,10,4,0,0,0,0,0,0,0,0,0,0
Multnomah,2005,446191,0,19,12,6,1,0,0,0,0,0,0,0,0,0,0
Multnomah,2005,446199,261,30,20,3,5,1,0,1,0,0,0,0,0,0,0
Multnomah,2005,447110,1051,89,18,24,45,1,0,1,0,0,0,0,0,0,0
Multnomah,2005,447190,667,55,18,17,14,3,2,1,0,0,0,0,0,0,0
Multnomah,2005,448110,235,21,9,5,5,1,1,0,0,0,0,0,0,0,0
Multnomah,2005,448120,871,96,43,22,23,7,0,1,0,0,0,0,0,0,0
Multnomah,2005,448130,285,23,11,3,6,1,2,0,0,0,0,0,0,0,0
Multnomah,2005,448140,1934,73,14,11,20,21,5,0,2,0,0,0,0,0,0
Multnomah,2005,448150,150,24,13,9,0,2,0,0,0,0,0,0,0,0,0
Multnomah,2005,448190,281,49,24,18,5,2,0,0,0,0,0,0,0,0,0
Multnomah,2005,448210,550,71,26,33,8,3,1,0,0,0,0,0,0,0,0
Multnomah,2005,448310,379,69,38,24,4,2,1,0,0,0,0,0,0,0,0
Multnomah,2005,448320,82,9,2,3,4,0,0,0,0,0,0,0,0,0,0
Multnomah,2005,451110,1031,82,39,12,17,10,3,1,0,0,0,0,0,0,0
Multnomah,2005,451120,479,46,20,12,5,9,0,0,0,0,0,0,0,0,0
Multnomah,2005,451130,508,24,11,6,3,0,3,1,0,0,0,0,0,0,0
Multnomah,2005,451140,145,25,11,8,6,0,0,0,0,0,0,0,0,0,0
Multnomah,2005,451211,853,46,21,5,7,10,2,1,0,0,0,0,0,0,0
Multnomah,2005,451212,54,4,2,1,0,1,0,0,0,0,0,0,0,0,0
Multnomah,2005,451220,227,25,10,7,4,4,0,0,0,0,0,0,0,0,0
Multnomah,2005,452111,0,4,0,1,1,0,0,2,0,0,0,0,0,0,0
Multnomah,2005,452112,0,9,0,0,0,0,3,4,2,0,0,0,0,0,0
Multnomah,2005,452910,0,16,0,0,0,4,0,4,8,0,0,0,0,0,0
Multnomah,2005,452990,436,30,9,8,4,9,0,0,0,0,0,0,0,0,0
Multnomah,2005,453110,174,47,31,13,3,0,0,0,0,0,0,0,0,0,0
Multnomah,2005,453210,451,30,8,8,7,6,0,1,0,0,0,0,0,0,0
Multnomah,2005,453220,579,86,42,29,10,4,1,0,0,0,0,0,0,0,0
Multnomah,2005,453310,838,98,54,20,11,11,2,0,0,0,0,0,0,0,0
Multnomah,2005,453910,227,33,18,7,4,4,0,0,0,0,0,0,0,0,0
Multnomah,2005,453920,119,31,24,5,0,2,0,0,0,0,0,0,0,0,0
Multnomah,2005,453930,0,1,1,0,0,0,0,0,0,0,0,0,0,0,0
Multnomah,2005,453991,0,25,16,7,2,0,0,0,0,0,0,0,0,0,0
Multnomah,2005,453998,216,47,31,9,7,0,0,0,0,0,0,0,0,0,0
Multnomah,2005,454111,265,44,31,8,2,2,0,1,0,0,0,0,0,0,0
Multnomah,2005,454113,280,26,17,1,6,1,0,1,0,0,0,0,0,0,0
Multnomah,2005,454210,198,18,11,3,1,2,1,0,0,0,0,0,0,0,0
Multnomah,2005,454311,105,7,4,1,1,0,1,0,0,0,0,0,0,0,0
Multnomah,2005,454312,0,4,2,0,2,0,0,0,0,0,0,0,0,0,0
Multnomah,2005,454319,0,3,3,0,0,0,0,0,0,0,0,0,0,0,0
Multnomah,2005,454390,336,55,36,12,4,1,2,0,0,0,0,0,0,0,0
Multnomah,2005,481111,0,18,2,3,2,3,2,4,0,1,1,0,1,0,0
Multnomah,2005,481112,92,4,1,0,1,1,1,0,0,0,0,0,0,0,0
Multnomah,2005,481211,0,2,2,0,0,0,0,0,0,0,0,0,0,0,0
Multnomah,2005,483111,16,3,1,2,0,0,0,0,0,0,0,0,0,0,0
Multnomah,2005,483113,0,7,3,1,1,1,0,1,0,0,0,0,0,0,0
Multnomah,2005,483211,0,2,1,0,0,0,1,0,0,0,0,0,0,0,0
Multnomah,2005,484110,949,52,22,7,9,7,6,1,0,0,0,0,0,0,0
Multnomah,2005,484121,1204,76,54,3,10,4,3,1,0,1,0,0,0,0,0
Multnomah,2005,484122,1770,28,6,3,6,5,4,1,3,0,0,0,0,0,0
Multnomah,2005,484210,570,50,25,10,7,5,2,1,0,0,0,0,0,0,0
Multnomah,2005,484220,778,35,21,6,3,2,2,0,1,0,0,0,0,0,0
Multnomah,2005,484230,936,37,15,6,5,5,3,3,0,0,0,0,0,0,0
Multnomah,2005,485113,0,1,0,0,0,0,0,1,0,0,0,0,0,0,0
Multnomah,2005,485119,0,1,1,0,0,0,0,0,0,0,0,0,0,0,0
Multnomah,2005,485210,0,2,0,0,0,2,0,0,0,0,0,0,0,0,0
Multnomah,2005,485310,102,6,3,1,0,1,1,0,0,0,0,0,0,0,0
Multnomah,2005,485320,69,11,7,2,1,1,0,0,0,0,0,0,0,0,0
Multnomah,2005,485410,0,5,0,0,1,1,0,3,0,0,0,0,0,0,0
Multnomah,2005,485510,0,2,0,1,0,1,0,0,0,0,0,0,0,0,0
Multnomah,2005,485991,343,11,3,1,4,0,2,1,0,0,0,0,0,0,0
Multnomah,2005,485999,29,5,4,0,0,1,0,0,0,0,0,0,0,0,0
Multnomah,2005,486110,0,1,0,1,0,0,0,0,0,0,0,0,0,0,0
Multnomah,2005,486910,0,2,0,0,2,0,0,0,0,0,0,0,0,0,0
Multnomah,2005,487210,77,4,2,1,0,0,1,0,0,0,0,0,0,0,0
Multnomah,2005,488111,0,1,0,1,0,0,0,0,0,0,0,0,0,0,0
Multnomah,2005,488119,0,6,1,1,1,0,1,2,0,0,0,0,0,0,0
Multnomah,2005,488190,375,14,3,6,2,1,1,1,0,0,0,0,0,0,0
Multnomah,2005,488210,112,7,1,0,3,3,0,0,0,0,0,0,0,0,0
Multnomah,2005,488310,0,2,0,2,0,0,0,0,0,0,0,0,0,0,0
Multnomah,2005,488320,0,6,2,2,1,0,0,0,0,0,1,1,0,0,0
Multnomah,2005,488330,87,7,4,1,1,0,1,0,0,0,0,0,0,0,0
Multnomah,2005,488390,0,4,1,2,0,0,0,0,1,0,0,0,0,0,0
Multnomah,2005,488410,363,31,16,5,3,5,2,0,0,0,0,0,0,0,0
Multnomah,2005,488490,176,13,5,3,1,3,1,0,0,0,0,0,0,0,0
Multnomah,2005,488510,1236,103,41,37,15,6,3,0,1,0,0,0,0,0,0
Multnomah,2005,488991,0,3,1,1,0,1,0,0,0,0,0,0,0,0,0
Multnomah,2005,488999,0,1,0,0,0,1,0,0,0,0,0,0,0,0,0
Multnomah,2005,492110,3357,43,13,6,4,6,6,4,3,0,1,1,0,0,0
Multnomah,2005,492210,342,23,10,3,3,6,1,0,0,0,0,0,0,0,0
Multnomah,2005,493110,2393,50,11,10,6,15,2,3,2,1,0,0,0,0,0
Multnomah,2005,493120,0,3,2,0,0,1,0,0,0,0,0,0,0,0,0
Multnomah,2005,493130,0,3,1,0,1,1,0,0,0,0,0,0,0,0,0
Multnomah,2005,493190,343,10,3,0,2,2,2,1,0,0,0,0,0,0,0
Multnomah,2005,511110,0,23,11,5,1,5,0,0,0,0,1,1,0,0,0
Multnomah,2005,511120,284,31,17,5,6,2,1,0,0,0,0,0,0,0,0
Multnomah,2005,511130,195,20,13,3,1,2,1,0,0,0,0,0,0,0,0
Multnomah,2005,511140,0,5,2,1,2,0,0,0,0,0,0,0,0,0,0
Multnomah,2005,511191,0,2,0,2,0,0,0,0,0,0,0,0,0,0,0
Multnomah,2005,511199,0,13,12,1,0,0,0,0,0,0,0,0,0,0,0
Multnomah,2005,511210,1387,66,36,6,5,11,5,3,0,0,0,0,0,0,0
Multnomah,2005,512110,709,58,47,6,2,1,0,1,1,0,0,0,0,0,0
Multnomah,2005,512131,387,15,1,0,7,5,2,0,0,0,0,0,0,0,0
Multnomah,2005,512191,74,13,7,4,1,1,0,0,0,0,0,0,0,0,0
Multnomah,2005,512199,0,2,2,0,0,0,0,0,0,0,0,0,0,0,0
Multnomah,2005,512210,0,3,2,1,0,0,0,0,0,0,0,0,0,0,0
Multnomah,2005,512220,0,1,1,0,0,0,0,0,0,0,0,0,0,0,0
Multnomah,2005,512240,18,9,8,1,0,0,0,0,0,0,0,0,0,0,0
Multnomah,2005,512290,0,3,2,0,1,0,0,0,0,0,0,0,0,0,0
Multnomah,2005,515111,0,1,1,0,0,0,0,0,0,0,0,0,0,0,0
Multnomah,2005,515112,932,24,5,6,3,3,5,2,0,0,0,0,0,0,0
Multnomah,2005,515120,0,7,3,0,1,0,0,3,0,0,0,0,0,0,0
Multnomah,2005,515210,0,1,0,0,0,1,0,0,0,0,0,0,0,0,0
Multnomah,2005,516110,149,11,4,1,1,5,0,0,0,0,0,0,0,0,0
Multnomah,2005,517110,0,74,37,9,12,8,6,1,1,0,0,0,0,0,0
Multnomah,2005,517211,0,1,1,0,0,0,0,0,0,0,0,0,0,0,0
Multnomah,2005,517212,593,26,4,7,9,5,0,0,1,0,0,0,0,0,0
Multnomah,2005,517310,0,5,4,1,0,0,0,0,0,0,0,0,0,0,0
Multnomah,2005,517410,0,1,1,0,0,0,0,0,0,0,0,0,0,0,0
Multnomah,2005,517510,0,6,3,0,1,0,1,1,0,0,0,0,0,0,0
Multnomah,2005,517910,24,5,2,2,1,0,0,0,0,0,0,0,0,0,0
Multnomah,2005,518111,0,11,7,2,2,0,0,0,0,0,0,0,0,0,0
Multnomah,2005,518112,0,5,2,0,1,2,0,0,0,0,0,0,0,0,0
Multnomah,2005,518210,2813,71,30,12,11,9,5,0,3,1,0,0,0,0,0
Multnomah,2005,519110,0,2,0,0,1,1,0,0,0,0,0,0,0,0,0
Multnomah,2005,519120,0,5,4,1,0,0,0,0,0,0,0,0,0,0,0
Multnomah,2005,519190,0,3,1,1,1,0,0,0,0,0,0,0,0,0,0
Multnomah,2005,521110,0,1,0,0,0,0,1,0,0,0,0,0,0,0,0
Multnomah,2005,522110,6502,180,36,42,66,22,6,4,1,2,1,0,1,0,0
Multnomah,2005,522120,0,29,7,7,14,1,0,0,0,0,0,0,0,0,0
Multnomah,2005,522130,952,54,22,10,12,6,2,2,0,0,0,0,0,0,0
Multnomah,2005,522220,61,16,12,3,0,1,0,0,0,0,0,0,0,0,0
Multnomah,2005,522291,210,42,25,13,4,0,0,0,0,0,0,0,0,0,0
Multnomah,2005,522292,665,55,20,15,11,6,3,0,0,0,0,0,0,0,0
Multnomah,2005,522293,0,1,1,0,0,0,0,0,0,0,0,0,0,0,0
Multnomah,2005,522298,93,16,11,1,3,1,0,0,0,0,0,0,0,0,0
Multnomah,2005,522310,660,117,85,18,10,3,0,1,0,0,0,0,0,0,0
Multnomah,2005,522320,0,21,18,1,2,0,0,0,0,0,0,0,0,0,0
Multnomah,2005,522390,172,38,30,3,4,1,0,0,0,0,0,0,0,0,0
Multnomah,2005,523110,0,27,12,7,6,0,2,0,0,0,0,0,0,0,0
Multnomah,2005,523120,1254,98,68,9,8,2,9,2,0,0,0,0,0,0,0
Multnomah,2005,523130,0,3,3,0,0,0,0,0,0,0,0,0,0,0,0
Multnomah,2005,523140,0,4,4,0,0,0,0,0,0,0,0,0,0,0,0
Multnomah,2005,523910,0,18,16,2,0,0,0,0,0,0,0,0,0,0,0
Multnomah,2005,523920,739,60,33,13,5,4,4,1,0,0,0,0,0,0,0
Multnomah,2005,523930,0,69,61,5,2,0,1,0,0,0,0,0,0,0,0
Multnomah,2005,523991,357,18,13,3,1,0,0,0,1,0,0,0,0,0,0
Multnomah,2005,523999,0,2,0,0,2,0,0,0,0,0,0,0,0,0,0
Multnomah,2005,524113,2391,34,15,6,4,5,2,1,0,0,1,0,1,0,0
Multnomah,2005,524114,2832,16,7,2,0,1,2,1,0,2,1,1,0,0,0
Multnomah,2005,524126,0,27,13,6,5,2,0,0,0,1,0,0,0,0,0
Multnomah,2005,524127,0,38,8,13,11,3,2,1,0,0,0,0,0,0,0
Multnomah,2005,524130,0,2,1,0,0,0,0,1,0,0,0,0,0,0,0
Multnomah,2005,524210,2641,378,276,53,22,19,6,1,1,0,0,0,0,0,0
Multnomah,2005,524291,226,20,11,4,1,2,2,0,0,0,0,0,0,0,0
Multnomah,2005,524292,1034,29,12,4,2,9,0,1,1,0,0,0,0,0,0
Multnomah,2005,524298,41,6,3,1,2,0,0,0,0,0,0,0,0,0,0
Multnomah,2005,525910,0,1,0,1,0,0,0,0,0,0,0,0,0,0,0
Multnomah,2005,525930,0,3,1,2,0,0,0,0,0,0,0,0,0,0,0
Multnomah,2005,531110,1274,286,223,43,13,3,2,2,0,0,0,0,0,0,0
Multnomah,2005,531120,633,132,93,23,12,3,1,0,0,0,0,0,0,0,0
Multnomah,2005,531130,0,44,38,5,1,0,0,0,0,0,0,0,0,0,0
Multnomah,2005,531190,76,22,19,1,2,0,0,0,0,0,0,0,0,0,0
Multnomah,2005,531210,1342,444,388,31,15,6,3,1,0,0,0,0,0,0,0
Multnomah,2005,531311,3363,185,101,34,18,17,7,7,1,0,0,0,0,0,0
Multnomah,2005,531312,656,51,29,5,8,4,4,1,0,0,0,0,0,0,0
Multnomah,2005,531320,154,56,51,3,1,1,0,0,0,0,0,0,0,0,0
Multnomah,2005,531390,200,53,40,8,4,1,0,0,0,0,0,0,0,0,0
Multnomah,2005,532111,0,31,11,7,3,3,5,2,0,0,0,0,0,0,0
Multnomah,2005,532120,254,30,14,7,5,4,0,0,0,0,0,0,0,0,0
Multnomah,2005,532210,88,9,4,2,2,1,0,0,0,0,0,0,0,0,0
Multnomah,2005,532220,0,7,6,1,0,0,0,0,0,0,0,0,0,0,0
Multnomah,2005,532230,494,57,12,22,21,2,0,0,0,0,0,0,0,0,0
Multnomah,2005,532291,0,4,1,1,0,1,1,0,0,0,0,0,0,0,0
Multnomah,2005,532292,0,6,4,1,1,0,0,0,0,0,0,0,0,0,0
Multnomah,2005,532299,200,12,5,2,1,3,1,0,0,0,0,0,0,0,0
Multnomah,2005,532310,90,12,5,4,2,1,0,0,0,0,0,0,0,0,0
Multnomah,2005,532411,0,2,2,0,0,0,0,0,0,0,0,0,0,0,0
Multnomah,2005,532412,174,15,5,2,5,3,0,0,0,0,0,0,0,0,0
Multnomah,2005,532420,0,4,4,0,0,0,0,0,0,0,0,0,0,0,0
Multnomah,2005,532490,328,28,13,5,5,4,1,0,0,0,0,0,0,0,0
Multnomah,2005,533110,207,4,0,2,0,0,1,1,0,0,0,0,0,0,0
Multnomah,2005,541110,6261,829,606,108,51,43,12,7,2,0,0,0,0,0,0
Multnomah,2005,541191,0,9,4,3,0,1,0,1,0,0,0,0,0,0,0
Multnomah,2005,541199,65,14,8,5,0,1,0,0,0,0,0,0,0,0,0
Multnomah,2005,541211,1803,195,122,38,19,9,3,4,0,0,0,0,0,0,0
Multnomah,2005,541213,492,81,43,28,6,4,0,0,0,0,0,0,0,0,0
Multnomah,2005,541214,0,14,8,0,2,1,2,0,0,1,0,0,0,0,0
Multnomah,2005,541219,634,111,80,19,7,3,1,1,0,0,0,0,0,0,0
Multnomah,2005,541310,2622,174,95,34,17,16,6,5,1,0,0,0,0,0,0
Multnomah,2005,541320,228,46,32,8,4,2,0,0,0,0,0,0,0,0,0
Multnomah,2005,541330,3194,206,114,29,28,15,14,6,0,0,0,0,0,0,0
Multnomah,2005,541340,59,17,14,2,0,1,0,0,0,0,0,0,0,0,0
Multnomah,2005,541350,106,23,19,0,3,1,0,0,0,0,0,0,0,0,0
Multnomah,2005,541360,0,4,2,0,1,1,0,0,0,0,0,0,0,0,0
Multnomah,2005,541370,223,23,9,7,3,4,0,0,0,0,0,0,0,0,0
Multnomah,2005,541380,228,18,6,5,3,3,1,0,0,0,0,0,0,0,0
Multnomah,2005,541410,207,66,53,9,4,0,0,0,0,0,0,0,0,0,0
Multnomah,2005,541420,0,19,13,2,2,0,0,1,0,1,0,0,0,0,0
Multnomah,2005,541430,772,152,114,17,13,6,2,0,0,0,0,0,0,0,0
Multnomah,2005,541490,107,10,7,1,0,1,1,0,0,0,0,0,0,0,0
Multnomah,2005,541511,1177,169,119,22,12,12,3,1,0,0,0,0,0,0,0
Multnomah,2005,541512,1321,174,135,15,8,13,2,0,1,0,0,0,0,0,0
Multnomah,2005,541513,0,10,9,0,1,0,0,0,0,0,0,0,0,0,0
Multnomah,2005,541519,440,31,23,3,1,2,0,2,0,0,0,0,0,0,0
Multnomah,2005,541611,937,212,180,16,10,4,0,2,0,0,0,0,0,0,0
Multnomah,2005,541612,471,43,31,2,3,2,5,0,0,0,0,0,0,0,0
Multnomah,2005,541613,246,84,70,9,3,1,1,0,0,0,0,0,0,0,0
Multnomah,2005,541614,116,22,14,4,2,2,0,0,0,0,0,0,0,0,0
Multnomah,2005,541618,26,11,9,2,0,0,0,0,0,0,0,0,0,0,0
Multnomah,2005,541620,494,45,23,6,10,4,2,0,0,0,0,0,0,0,0
Multnomah,2005,541690,537,75,56,8,5,4,1,1,0,0,0,0,0,0,0
Multnomah,2005,541710,995,59,35,7,8,6,0,2,1,0,0,0,0,0,0
Multnomah,2005,541720,247,19,14,1,3,0,0,1,0,0,0,0,0,0,0
Multnomah,2005,541810,1371,98,52,22,13,7,2,1,1,0,0,0,0,0,0
Multnomah,2005,541820,241,56,43,7,2,4,0,0,0,0,0,0,0,0,0
Multnomah,2005,541830,0,3,2,0,0,0,0,1,0,0,0,0,0,0,0
Multnomah,2005,541840,0,7,5,1,0,1,0,0,0,0,0,0,0,0,0
Multnomah,2005,541850,0,6,3,1,0,1,1,0,0,0,0,0,0,0,0
Multnomah,2005,541860,506,15,6,1,2,2,2,2,0,0,0,0,0,0,0
Multnomah,2005,541870,0,2,0,1,0,1,0,0,0,0,0,0,0,0,0
Multnomah,2005,541890,93,18,11,5,1,1,0,0,0,0,0,0,0,0,0
Multnomah,2005,541910,679,29,11,4,5,5,2,2,0,0,0,0,0,0,0
Multnomah,2005,541921,128,50,42,7,1,0,0,0,0,0,0,0,0,0,0
Multnomah,2005,541922,129,31,23,3,4,1,0,0,0,0,0,0,0,0,0
Multnomah,2005,541930,188,13,8,1,0,3,1,0,0,0,0,0,0,0,0
Multnomah,2005,541940,1394,82,19,15,27,18,1,1,1,0,0,0,0,0,0
Multnomah,2005,541990,276,72,60,6,4,1,1,0,0,0,0,0,0,0,0
Multnomah,2005,551111,33,5,2,2,1,0,0,0,0,0,0,0,0,0,0
Multnomah,2005,551112,0,17,8,1,3,3,1,0,0,0,1,1,0,0,0
Multnomah,2005,551114,12861,188,48,32,28,39,18,14,3,4,2,0,2,0,0
Multnomah,2005,561110,956,52,32,8,4,4,2,1,1,0,0,0,0,0,0
Multnomah,2005,561210,181,8,3,1,1,2,1,0,0,0,0,0,0,0,0
Multnomah,2005,561310,442,25,14,3,2,2,4,0,0,0,0,0,0,0,0
Multnomah,2005,561320,8595,129,36,5,15,14,28,23,8,0,0,0,0,0,0
Multnomah,2005,561330,291,10,1,0,3,4,1,1,0,0,0,0,0,0,0
Multnomah,2005,561410,0,18,11,3,3,0,1,0,0,0,0,0,0,0,0
Multnomah,2005,561421,443,14,3,2,3,4,1,1,0,0,0,0,0,0,0
Multnomah,2005,561422,1297,8,2,1,2,0,1,0,1,1,0,0,0,0,0
Multnomah,2005,561431,64,18,14,3,1,0,0,0,0,0,0,0,0,0,0
Multnomah,2005,561439,360,27,10,3,7,7,0,0,0,0,0,0,0,0,0
Multnomah,2005,561440,130,19,13,3,2,0,1,0,0,0,0,0,0,0,0
Multnomah,2005,561450,0,3,0,2,0,1,0,0,0,0,0,0,0,0,0
Multnomah,2005,561491,0,2,1,0,0,1,0,0,0,0,0,0,0,0,0
Multnomah,2005,561492,109,12,7,0,3,2,0,0,0,0,0,0,0,0,0
Multnomah,2005,561499,0,15,7,0,1,5,1,0,1,0,0,0,0,0,0
Multnomah,2005,561510,634,69,47,10,6,4,0,2,0,0,0,0,0,0,0
Multnomah,2005,561520,57,7,5,1,0,1,0,0,0,0,0,0,0,0,0
Multnomah,2005,561591,0,3,1,0,0,1,1,0,0,0,0,0,0,0,0
Multnomah,2005,561599,158,9,3,3,2,0,0,1,0,0,0,0,0,0,0
Multnomah,2005,561611,51,13,8,4,1,0,0,0,0,0,0,0,0,0,0
Multnomah,2005,561612,1724,37,7,10,3,7,6,2,2,0,0,0,0,0,0
Multnomah,2005,561613,282,5,1,0,0,1,2,1,0,0,0,0,0,0,0
Multnomah,2005,561621,295,16,5,5,3,2,0,1,0,0,0,0,0,0,0
Multnomah,2005,561622,67,13,8,1,4,0,0,0,0,0,0,0,0,0,0
Multnomah,2005,561710,122,22,12,6,3,1,0,0,0,0,0,0,0,0,0
Multnomah,2005,561720,3362,190,110,33,20,14,9,1,2,1,0,0,0,0,0
Multnomah,2005,561730,996,196,138,33,15,7,3,0,0,0,0,0,0,0,0
Multnomah,2005,561740,168,26,14,5,5,2,0,0,0,0,0,0,0,0,0
Multnomah,2005,561790,355,29,16,4,6,1,1,1,0,0,0,0,0,0,0
Multnomah,2005,561910,0,5,3,1,0,0,0,1,0,0,0,0,0,0,0
Multnomah,2005,561920,353,29,17,4,4,1,3,0,0,0,0,0,0,0,0
Multnomah,2005,561990,955,55,29,10,6,4,3,3,0,0,0,0,0,0,0
Multnomah,2005,562111,687,32,9,5,11,3,3,1,0,0,0,0,0,0,0
Multnomah,2005,562112,0,2,2,0,0,0,0,0,0,0,0,0,0,0,0
Multnomah,2005,562119,0,1,0,1,0,0,0,0,0,0,0,0,0,0,0
Multnomah,2005,562211,0,2,1,1,0,0,0,0,0,0,0,0,0,0,0
Multnomah,2005,562212,117,4,1,0,1,1,1,0,0,0,0,0,0,0,0
Multnomah,2005,562219,0,2,0,2,0,0,0,0,0,0,0,0,0,0,0
Multnomah,2005,562910,206,9,2,1,3,2,1,0,0,0,0,0,0,0,0
Multnomah,2005,562920,287,8,1,2,1,1,2,1,0,0,0,0,0,0,0
Multnomah,2005,562991,0,2,1,1,0,0,0,0,0,0,0,0,0,0,0
Multnomah,2005,562998,0,3,2,1,0,0,0,0,0,0,0,0,0,0,0
Multnomah,2005,611110,2433,81,13,13,21,18,10,6,0,0,0,0,0,0,0
Multnomah,2005,611210,815,8,1,1,0,2,2,1,1,0,0,0,0,0,0
Multnomah,2005,611310,14589,25,5,2,1,2,2,5,4,0,4,2,1,0,1
Multnomah,2005,611410,0,2,0,2,0,0,0,0,0,0,0,0,0,0,0
Multnomah,2005,611420,0,8,5,3,0,0,0,0,0,0,0,0,0,0,0
Multnomah,2005,611430,125,12,9,1,0,1,1,0,0,0,0,0,0,0,0
Multnomah,2005,611511,59,8,3,2,3,0,0,0,0,0,0,0,0,0,0
Multnomah,2005,611512,0,1,1,0,0,0,0,0,0,0,0,0,0,0,0
Multnomah,2005,611513,141,10,5,2,0,3,0,0,0,0,0,0,0,0,0
Multnomah,2005,611519,339,32,18,5,4,3,2,0,0,0,0,0,0,0,0
Multnomah,2005,611610,173,38,25,7,4,2,0,0,0,0,0,0,0,0,0
Multnomah,2005,611620,101,30,22,5,2,1,0,0,0,0,0,0,0,0,0
Multnomah,2005,611630,187,15,6,3,3,2,1,0,0,0,0,0,0,0,0
Multnomah,2005,611691,92,13,7,3,0,3,0,0,0,0,0,0,0,0,0
Multnomah,2005,611692,0,3,2,1,0,0,0,0,0,0,0,0,0,0,0
Multnomah,2005,611699,138,19,13,3,1,1,1,0,0,0,0,0,0,0,0
Multnomah,2005,611710,339,37,26,3,5,1,1,1,0,0,0,0,0,0,0
Multnomah,2005,621111,6463,466,230,97,71,51,10,5,1,0,1,1,0,0,0
Multnomah,2005,621112,0,46,43,1,2,0,0,0,0,0,0,0,0,0,0
Multnomah,2005,621210,2650,389,132,183,64,10,0,0,0,0,0,0,0,0,0
Multnomah,2005,621310,527,161,121,31,8,1,0,0,0,0,0,0,0,0,0
Multnomah,2005,621320,212,50,26,22,2,0,0,0,0,0,0,0,0,0,0
Multnomah,2005,621330,377,132,113,9,6,4,0,0,0,0,0,0,0,0,0
Multnomah,2005,621340,422,82,52,18,8,4,0,0,0,0,0,0,0,0,0
Multnomah,2005,621391,54,17,15,2,0,0,0,0,0,0,0,0,0,0,0
Multnomah,2005,621399,0,106,95,8,2,1,0,0,0,0,0,0,0,0,0
Multnomah,2005,621410,0,11,6,2,1,1,1,0,0,0,0,0,0,0,0
Multnomah,2005,621420,546,26,7,2,6,9,2,0,0,0,0,0,0,0,0
Multnomah,2005,621491,0,10,0,1,1,2,2,2,2,0,0,0,0,0,0
Multnomah,2005,621492,248,11,1,0,2,8,0,0,0,0,0,0,0,0,0
Multnomah,2005,621493,0,12,1,2,2,5,1,0,1,0,0,0,0,0,0
Multnomah,2005,621498,141,17,8,2,5,2,0,0,0,0,0,0,0,0,0
Multnomah,2005,621511,0,16,6,3,3,3,0,1,0,0,0,0,0,0,0
Multnomah,2005,621512,447,12,6,2,0,2,0,2,0,0,0,0,0,0,0
Multnomah,2005,621610,1427,30,12,1,6,5,3,2,0,1,0,0,0,0,0
Multnomah,2005,621910,0,4,1,0,1,0,1,1,0,0,0,0,0,0,0
Multnomah,2005,621991,0,5,1,0,0,3,0,0,0,1,0,0,0,0,0
Multnomah,2005,621999,89,7,4,1,1,0,1,0,0,0,0,0,0,0,0
Multnomah,2005,622110,19405,8,0,0,0,0,0,0,2,0,6,0,2,3,1
Multnomah,2005,622310,0,1,0,0,1,0,0,0,0,0,0,0,0,0,0
Multnomah,2005,623110,2864,40,8,0,3,7,13,7,2,0,0,0,0,0,0
Multnomah,2005,623210,1274,110,16,41,43,9,0,1,0,0,0,0,0,0,0
Multnomah,2005,623220,689,34,8,4,11,8,2,1,0,0,0,0,0,0,0
Multnomah,2005,623311,1306,22,0,2,1,9,6,4,0,0,0,0,0,0,0
Multnomah,2005,623312,1525,116,72,12,7,14,10,1,0,0,0,0,0,0,0
Multnomah,2005,623990,265,26,9,3,11,3,0,0,0,0,0,0,0,0,0
Multnomah,2005,624110,1120,61,24,12,8,9,7,1,0,0,0,0,0,0,0
Multnomah,2005,624120,742,62,33,12,7,6,3,1,0,0,0,0,0,0,0
Multnomah,2005,624190,2033,140,59,28,29,16,4,4,0,0,0,0,0,0,0
Multnomah,2005,624210,271,23,15,5,0,1,2,0,0,0,0,0,0,0,0
Multnomah,2005,624221,436,22,4,0,9,8,1,0,0,0,0,0,0,0,0
Multnomah,2005,624229,131,13,5,2,5,1,0,0,0,0,0,0,0,0,0
Multnomah,2005,624230,489,13,4,3,2,1,0,3,0,0,0,0,0,0,0
Multnomah,2005,624310,1675,43,14,9,9,8,1,1,0,1,0,0,0,0,0
Multnomah,2005,624410,2329,238,130,32,43,25,6,2,0,0,0,0,0,0,0
Multnomah,2005,711110,707,14,6,1,3,2,0,1,1,0,0,0,0,0,0
Multnomah,2005,711120,0,2,0,0,1,0,1,0,0,0,0,0,0,0,0
Multnomah,2005,711130,333,23,13,6,2,0,1,1,0,0,0,0,0,0,0
Multnomah,2005,711190,0,1,1,0,0,0,0,0,0,0,0,0,0,0,0
Multnomah,2005,711211,0,5,2,0,0,0,2,0,1,0,0,0,0,0,0
Multnomah,2005,711212,0,1,0,0,0,0,0,1,0,0,0,0,0,0,0
Multnomah,2005,711219,0,3,3,0,0,0,0,0,0,0,0,0,0,0,0
Multnomah,2005,711310,48,8,4,2,2,0,0,0,0,0,0,0,0,0,0
Multnomah,2005,711320,88,16,12,2,1,1,0,0,0,0,0,0,0,0,0
Multnomah,2005,711410,39,15,12,3,0,0,0,0,0,0,0,0,0,0,0
Multnomah,2005,711510,218,68,61,4,2,0,1,0,0,0,0,0,0,0,0
Multnomah,2005,712110,597,18,10,3,1,1,1,2,0,0,0,0,0,0,0
Multnomah,2005,712120,0,3,1,0,1,1,0,0,0,0,0,0,0,0,0
Multnomah,2005,712130,58,4,0,2,0,2,0,0,0,0,0,0,0,0,0
Multnomah,2005,712190,0,1,1,0,0,0,0,0,0,0,0,0,0,0,0
Multnomah,2005,713110,0,1,0,0,0,0,0,1,0,0,0,0,0,0,0
Multnomah,2005,713120,0,2,0,2,0,0,0,0,0,0,0,0,0,0,0
Multnomah,2005,713290,0,2,0,1,1,0,0,0,0,0,0,0,0,0,0
Multnomah,2005,713910,513,14,3,1,2,4,3,1,0,0,0,0,0,0,0
Multnomah,2005,713920,0,1,1,0,0,0,0,0,0,0,0,0,0,0,0
Multnomah,2005,713930,86,15,10,2,2,1,0,0,0,0,0,0,0,0,0
Multnomah,2005,713940,1772,77,29,18,8,14,7,0,0,1,0,0,0,0,0
Multnomah,2005,713950,0,8,0,0,3,5,0,0,0,0,0,0,0,0,0
Multnomah,2005,713990,366,47,27,10,6,3,1,0,0,0,0,0,0,0,0
Multnomah,2005,721110,5175,126,30,17,21,28,16,11,3,0,0,0,0,0,0
Multnomah,2005,721191,0,4,3,1,0,0,0,0,0,0,0,0,0,0,0
Multnomah,2005,721199,29,4,1,2,1,0,0,0,0,0,0,0,0,0,0
Multnomah,2005,721211,0,4,4,0,0,0,0,0,0,0,0,0,0,0,0
Multnomah,2005,721214,30,5,2,2,1,0,0,0,0,0,0,0,0,0,0
Multnomah,2005,721310,0,1,0,0,1,0,0,0,0,0,0,0,0,0,0
Multnomah,2005,722110,17498,999,261,188,281,186,68,15,0,0,0,0,0,0,0
Multnomah,2005,722211,9163,650,167,129,183,153,18,0,0,0,0,0,0,0,0
Multnomah,2005,722212,453,24,9,3,2,7,3,0,0,0,0,0,0,0,0
Multnomah,2005,722213,2520,300,107,76,98,19,0,0,0,0,0,0,0,0,0
Multnomah,2005,722310,1697,63,23,13,11,7,5,3,1,0,0,0,0,0,0
Multnomah,2005,722320,334,36,15,9,7,4,1,0,0,0,0,0,0,0,0
Multnomah,2005,722330,0,8,8,0,0,0,0,0,0,0,0,0,0,0,0
Multnomah,2005,722410,2424,262,86,90,57,24,5,0,0,0,0,0,0,0,0
Multnomah,2005,811111,1452,244,160,62,17,2,2,0,1,0,0,0,0,0,0
Multnomah,2005,811112,23,8,7,1,0,0,0,0,0,0,0,0,0,0,0
Multnomah,2005,811113,174,19,11,5,1,1,1,0,0,0,0,0,0,0,0
Multnomah,2005,811118,156,24,13,7,2,2,0,0,0,0,0,0,0,0,0
Multnomah,2005,811121,887,118,60,22,26,10,0,0,0,0,0,0,0,0,0
Multnomah,2005,811122,92,14,6,4,4,0,0,0,0,0,0,0,0,0,0
Multnomah,2005,811191,244,22,3,9,8,2,0,0,0,0,0,0,0,0,0
Multnomah,2005,811192,364,42,16,14,6,6,0,0,0,0,0,0,0,0,0
Multnomah,2005,811198,0,3,1,1,0,0,0,1,0,0,0,0,0,0,0
Multnomah,2005,811211,56,8,6,1,0,1,0,0,0,0,0,0,0,0,0
Multnomah,2005,811212,109,16,10,3,2,1,0,0,0,0,0,0,0,0,0
Multnomah,2005,811213,50,5,2,1,1,1,0,0,0,0,0,0,0,0,0
Multnomah,2005,811219,128,12,5,3,2,1,1,0,0,0,0,0,0,0,0
Multnomah,2005,811310,362,50,29,9,8,4,0,0,0,0,0,0,0,0,0
Multnomah,2005,811411,17,3,2,0,1,0,0,0,0,0,0,0,0,0,0
Multnomah,2005,811412,136,13,6,4,1,2,0,0,0,0,0,0,0,0,0
Multnomah,2005,811420,0,20,16,4,0,0,0,0,0,0,0,0,0,0,0
Multnomah,2005,811430,0,2,2,0,0,0,0,0,0,0,0,0,0,0,0
Multnomah,2005,811490,90,34,25,8,1,0,0,0,0,0,0,0,0,0,0
Multnomah,2005,812111,26,6,4,1,1,0,0,0,0,0,0,0,0,0,0
Multnomah,2005,812112,1362,217,134,44,32,5,1,1,0,0,0,0,0,0,0
Multnomah,2005,812113,25,5,2,2,1,0,0,0,0,0,0,0,0,0,0
Multnomah,2005,812191,0,7,2,5,0,0,0,0,0,0,0,0,0,0,0
Multnomah,2005,812199,192,39,28,7,1,3,0,0,0,0,0,0,0,0,0
Multnomah,2005,812210,152,18,5,9,3,1,0,0,0,0,0,0,0,0,0
Multnomah,2005,812220,100,12,3,5,3,1,0,0,0,0,0,0,0,0,0
Multnomah,2005,812310,104,18,12,3,1,2,0,0,0,0,0,0,0,0,0
Multnomah,2005,812320,268,56,39,9,7,1,0,0,0,0,0,0,0,0,0
Multnomah,2005,812331,0,4,0,1,1,0,0,2,0,0,0,0,0,0,0
Multnomah,2005,812332,903,15,2,0,5,2,2,4,0,0,0,0,0,0,0
Multnomah,2005,812910,211,54,36,12,6,0,0,0,0,0,0,0,0,0,0
Multnomah,2005,812921,0,6,3,0,2,1,0,0,0,0,0,0,0,0,0
Multnomah,2005,812922,0,3,2,0,1,0,0,0,0,0,0,0,0,0,0
Multnomah,2005,812930,0,205,173,20,8,3,1,0,0,0,0,0,0,0,0
Multnomah,2005,812990,54,18,15,1,2,0,0,0,0,0,0,0,0,0,0
Multnomah,2005,813110,4784,422,214,114,47,32,8,5,2,0,0,0,0,0,0
Multnomah,2005,813211,395,53,35,7,8,2,0,1,0,0,0,0,0,0,0
Multnomah,2005,813212,233,26,14,5,5,1,1,0,0,0,0,0,0,0,0
Multnomah,2005,813219,118,11,6,1,2,2,0,0,0,0,0,0,0,0,0
Multnomah,2005,813311,198,28,12,10,3,3,0,0,0,0,0,0,0,0,0
Multnomah,2005,813312,579,56,29,8,12,5,2,0,0,0,0,0,0,0,0
Multnomah,2005,813319,378,59,37,12,6,4,0,0,0,0,0,0,0,0,0
Multnomah,2005,813410,920,68,34,11,9,10,3,1,0,0,0,0,0,0,0
Multnomah,2005,813910,379,64,41,14,6,3,0,0,0,0,0,0,0,0,0
Multnomah,2005,813920,137,27,20,5,1,0,1,0,0,0,0,0,0,0,0
Multnomah,2005,813930,1241,96,40,24,20,7,3,2,0,0,0,0,0,0,0
Multnomah,2005,813940,0,36,31,3,1,1,0,0,0,0,0,0,0,0,0
Multnomah,2005,813990,90,31,25,5,1,0,0,0,0,0,0,0,0,0,0
